{"pages":["Montserrat_sheet0.png"],"chars":[{"id":52,"width":31,"height":37,"xoffset":0,"yoffset":-26.599999999999998,"xadvance":22.458,"chnl":15,"x":0,"y":0,"page":0},{"id":57,"width":32,"height":37,"xoffset":0,"yoffset":-26.752,"xadvance":24.092,"chnl":15,"x":0,"y":39,"page":0},{"id":48,"width":35,"height":37,"xoffset":0,"yoffset":-26.752,"xadvance":27.018,"chnl":15,"x":0,"y":78,"page":0},{"id":49,"width":20,"height":37,"xoffset":0,"yoffset":-26.599999999999998,"xadvance":14.022,"chnl":15,"x":37,"y":78,"page":0},{"id":50,"width":31,"height":37,"xoffset":0,"yoffset":-26.752,"xadvance":21.964,"chnl":15,"x":59,"y":78,"page":0},{"id":51,"width":30,"height":37,"xoffset":0,"yoffset":-26.599999999999998,"xadvance":22.23,"chnl":15,"x":92,"y":78,"page":0},{"id":56,"width":32,"height":37,"xoffset":0,"yoffset":-26.752,"xadvance":24.168,"chnl":15,"x":34,"y":39,"page":0},{"id":53,"width":32,"height":37,"xoffset":0,"yoffset":-26.599999999999998,"xadvance":23.37,"chnl":15,"x":68,"y":39,"page":0},{"id":54,"width":32,"height":37,"xoffset":0,"yoffset":-26.752,"xadvance":24.206,"chnl":15,"x":33,"y":0,"page":0},{"id":55,"width":30,"height":37,"xoffset":0,"yoffset":-26.599999999999998,"xadvance":21.546,"chnl":15,"x":67,"y":0,"page":0},{"id":45,"width":21,"height":23,"xoffset":0,"yoffset":-12.806,"xadvance":13.908,"chnl":15,"x":102,"y":39,"page":0},{"id":46,"width":16,"height":14,"xoffset":0,"yoffset":-4.028,"xadvance":7.866,"chnl":15,"x":99,"y":0,"page":0}],"info":{"face":"Montserrat Regular","size":38,"bold":0,"italic":0,"charset":["-",".","0","1","2","3","4","5","6","7","8","9"],"unicode":1,"stretchH":100,"smooth":1,"aa":1,"padding":[0,0,0,0],"spacing":[2,2]},"common":{"lineHeight":46.321999999999996,"base":36.784,"scaleW":128,"scaleH":128,"pages":1,"packed":0,"alphaChnl":0,"redChnl":0,"greenChnl":0,"blueChnl":0},"kernings":[{"first":55,"second":46,"amount":-1.064}]}