{"pages":["OpenSans_sheet0.png"],"chars":[{"id":57,"width":30,"height":38,"xoffset":0,"yoffset":-27.5166015625,"xadvance":21.7275390625,"chnl":15,"x":0,"y":0,"page":0},{"id":48,"width":30,"height":38,"xoffset":0,"yoffset":-27.5537109375,"xadvance":21.7275390625,"chnl":15,"x":0,"y":40,"page":0},{"id":50,"width":30,"height":38,"xoffset":0,"yoffset":-27.5166015625,"xadvance":21.7275390625,"chnl":15,"x":0,"y":80,"page":0},{"id":51,"width":30,"height":38,"xoffset":0,"yoffset":-27.5166015625,"xadvance":21.7275390625,"chnl":15,"x":32,"y":80,"page":0},{"id":56,"width":30,"height":38,"xoffset":0,"yoffset":-27.5166015625,"xadvance":21.7275390625,"chnl":15,"x":64,"y":80,"page":0},{"id":54,"width":30,"height":38,"xoffset":0,"yoffset":-27.5166015625,"xadvance":21.7275390625,"chnl":15,"x":96,"y":80,"page":0},{"id":52,"width":31,"height":37,"xoffset":0,"yoffset":-27.275390625,"xadvance":21.7275390625,"chnl":15,"x":32,"y":40,"page":0},{"id":53,"width":30,"height":37,"xoffset":0,"yoffset":-27.126953125,"xadvance":21.7275390625,"chnl":15,"x":65,"y":40,"page":0},{"id":49,"width":23,"height":37,"xoffset":0,"yoffset":-27.126953125,"xadvance":21.7275390625,"chnl":15,"x":97,"y":40,"page":0},{"id":55,"width":30,"height":37,"xoffset":0,"yoffset":-27.126953125,"xadvance":21.7275390625,"chnl":15,"x":32,"y":0,"page":0},{"id":45,"width":21,"height":22,"xoffset":0,"yoffset":-11.5966796875,"xadvance":12.2275390625,"chnl":15,"x":64,"y":0,"page":0},{"id":46,"width":17,"height":15,"xoffset":0,"yoffset":-4.490234375,"xadvance":10.1123046875,"chnl":15,"x":87,"y":0,"page":0}],"info":{"face":"Open Sans Regular","size":38,"bold":0,"italic":0,"charset":["-",".","0","1","2","3","4","5","6","7","8","9"],"unicode":1,"stretchH":100,"smooth":1,"aa":1,"padding":[0,0,0,0],"spacing":[2,2]},"common":{"lineHeight":40.6533203125,"base":40.6162109375,"scaleW":128,"scaleH":128,"pages":1,"packed":0,"alphaChnl":0,"redChnl":0,"greenChnl":0,"blueChnl":0},"kernings":[]}