{"pages":["Oswald_sheet0.png"],"chars":[{"id":52,"width":28,"height":41,"xoffset":0,"yoffset":-30.779999999999998,"xadvance":18.658,"chnl":15,"x":0,"y":0,"page":0},{"id":57,"width":27,"height":41,"xoffset":0,"yoffset":-31.046,"xadvance":18.582,"chnl":15,"x":0,"y":43,"page":0},{"id":48,"width":27,"height":41,"xoffset":0,"yoffset":-31.046,"xadvance":18.658,"chnl":15,"x":0,"y":86,"page":0},{"id":49,"width":23,"height":41,"xoffset":0,"yoffset":-30.779999999999998,"xadvance":17.746,"chnl":15,"x":29,"y":86,"page":0},{"id":50,"width":27,"height":41,"xoffset":0,"yoffset":-31.046,"xadvance":18.163999999999998,"chnl":15,"x":54,"y":86,"page":0},{"id":51,"width":27,"height":41,"xoffset":0,"yoffset":-31.046,"xadvance":17.746,"chnl":15,"x":83,"y":86,"page":0},{"id":56,"width":27,"height":41,"xoffset":0,"yoffset":-31.046,"xadvance":18.163999999999998,"chnl":15,"x":29,"y":43,"page":0},{"id":53,"width":27,"height":41,"xoffset":0,"yoffset":-30.779999999999998,"xadvance":18.088,"chnl":15,"x":58,"y":43,"page":0},{"id":54,"width":27,"height":41,"xoffset":0,"yoffset":-31.046,"xadvance":18.582,"chnl":15,"x":87,"y":43,"page":0},{"id":55,"width":23,"height":41,"xoffset":0,"yoffset":-30.779999999999998,"xadvance":14.629999999999999,"chnl":15,"x":30,"y":0,"page":0},{"id":45,"width":20,"height":23,"xoffset":0,"yoffset":-12.996,"xadvance":12.198,"chnl":15,"x":55,"y":0,"page":0},{"id":46,"width":16,"height":15,"xoffset":0,"yoffset":-4.522,"xadvance":7.144,"chnl":15,"x":112,"y":86,"page":0}],"info":{"face":"Oswald Regular","size":38,"bold":0,"italic":0,"charset":["-",".","0","1","2","3","4","5","6","7","8","9"],"unicode":1,"stretchH":100,"smooth":1,"aa":1,"padding":[0,0,0,0],"spacing":[2,2]},"common":{"lineHeight":56.315999999999995,"base":45.333999999999996,"scaleW":128,"scaleH":128,"pages":1,"packed":0,"alphaChnl":0,"redChnl":0,"greenChnl":0,"blueChnl":0},"kernings":[]}