{"pages":["Oxygen_sheet0.png"],"chars":[{"id":48,"width":31,"height":39,"xoffset":0,"yoffset":-28.2958984375,"xadvance":23.0263671875,"chnl":15,"x":0,"y":0,"page":0},{"id":51,"width":29,"height":39,"xoffset":0,"yoffset":-28.2958984375,"xadvance":20.4658203125,"chnl":15,"x":0,"y":41,"page":0},{"id":56,"width":30,"height":39,"xoffset":0,"yoffset":-28.2958984375,"xadvance":21.931640625,"chnl":15,"x":0,"y":82,"page":0},{"id":52,"width":31,"height":38,"xoffset":0,"yoffset":-27.7578125,"xadvance":22.4697265625,"chnl":15,"x":32,"y":82,"page":0},{"id":50,"width":29,"height":38,"xoffset":0,"yoffset":-28.2958984375,"xadvance":20.70703125,"chnl":15,"x":65,"y":82,"page":0},{"id":57,"width":30,"height":38,"xoffset":0,"yoffset":-28.2958984375,"xadvance":21.6162109375,"chnl":15,"x":96,"y":82,"page":0},{"id":49,"width":19,"height":38,"xoffset":0,"yoffset":-27.7578125,"xadvance":11.615234375,"chnl":15,"x":31,"y":41,"page":0},{"id":53,"width":30,"height":38,"xoffset":0,"yoffset":-27.7578125,"xadvance":21.8388671875,"chnl":15,"x":52,"y":41,"page":0},{"id":54,"width":31,"height":38,"xoffset":0,"yoffset":-27.6279296875,"xadvance":22.2470703125,"chnl":15,"x":84,"y":41,"page":0},{"id":55,"width":28,"height":38,"xoffset":0,"yoffset":-27.7578125,"xadvance":19.51953125,"chnl":15,"x":33,"y":0,"page":0},{"id":45,"width":21,"height":22,"xoffset":0,"yoffset":-11.94921875,"xadvance":12.46875,"chnl":15,"x":63,"y":0,"page":0},{"id":46,"width":17,"height":15,"xoffset":0,"yoffset":-4.67578125,"xadvance":9.166015625,"chnl":15,"x":86,"y":0,"page":0}],"info":{"face":"Oxygen Regular","size":38,"bold":0,"italic":0,"charset":["-",".","0","1","2","3","4","5","6","7","8","9"],"unicode":1,"stretchH":100,"smooth":1,"aa":1,"padding":[0,0,0,0],"spacing":[2,2]},"common":{"lineHeight":47.982421875,"base":39.0205078125,"scaleW":128,"scaleH":128,"pages":1,"packed":0,"alphaChnl":0,"redChnl":0,"greenChnl":0,"blueChnl":0},"kernings":[]}