{"pages":["Roboto_sheet0.png"],"chars":[{"id":48,"width":29,"height":38,"xoffset":0,"yoffset":-27.38671875,"xadvance":21.337890625,"chnl":15,"x":0,"y":0,"page":0},{"id":51,"width":29,"height":38,"xoffset":0,"yoffset":-27.38671875,"xadvance":21.337890625,"chnl":15,"x":0,"y":40,"page":0},{"id":56,"width":29,"height":38,"xoffset":0,"yoffset":-27.38671875,"xadvance":21.337890625,"chnl":15,"x":0,"y":80,"page":0},{"id":52,"width":30,"height":37,"xoffset":0,"yoffset":-27.015625,"xadvance":21.337890625,"chnl":15,"x":31,"y":80,"page":0},{"id":50,"width":30,"height":37,"xoffset":0,"yoffset":-27.38671875,"xadvance":21.337890625,"chnl":15,"x":63,"y":80,"page":0},{"id":57,"width":29,"height":37,"xoffset":0,"yoffset":-27.38671875,"xadvance":21.337890625,"chnl":15,"x":95,"y":80,"page":0},{"id":49,"width":24,"height":37,"xoffset":0,"yoffset":-27.1455078125,"xadvance":21.337890625,"chnl":15,"x":31,"y":40,"page":0},{"id":53,"width":30,"height":37,"xoffset":0,"yoffset":-27.015625,"xadvance":21.337890625,"chnl":15,"x":57,"y":40,"page":0},{"id":54,"width":30,"height":37,"xoffset":0,"yoffset":-27.0341796875,"xadvance":21.337890625,"chnl":15,"x":89,"y":40,"page":0},{"id":55,"width":30,"height":37,"xoffset":0,"yoffset":-27.015625,"xadvance":21.337890625,"chnl":15,"x":31,"y":0,"page":0},{"id":45,"width":20,"height":23,"xoffset":0,"yoffset":-12.876953125,"xadvance":10.4833984375,"chnl":15,"x":63,"y":0,"page":0},{"id":46,"width":17,"height":14,"xoffset":0,"yoffset":-3.8779296875,"xadvance":10.0009765625,"chnl":15,"x":85,"y":0,"page":0}],"info":{"face":"Roboto","size":38,"bold":0,"italic":0,"charset":["-",".","0","1","2","3","4","5","6","7","8","9"],"unicode":1,"stretchH":100,"smooth":1,"aa":1,"padding":[0,0,0,0],"spacing":[2,2]},"common":{"lineHeight":39.892578125,"base":35.25390625,"scaleW":128,"scaleH":128,"pages":1,"packed":0,"alphaChnl":0,"redChnl":0,"greenChnl":0,"blueChnl":0},"kernings":[]}