{"pages":["Ubuntu_sheet0.png"],"chars":[{"id":48,"width":30,"height":38,"xoffset":0,"yoffset":-26.942,"xadvance":21.432,"chnl":15,"x":0,"y":0,"page":0},{"id":51,"width":29,"height":38,"xoffset":0,"yoffset":-26.942,"xadvance":21.432,"chnl":15,"x":0,"y":40,"page":0},{"id":56,"width":29,"height":38,"xoffset":0,"yoffset":-26.942,"xadvance":21.432,"chnl":15,"x":0,"y":80,"page":0},{"id":57,"width":29,"height":37,"xoffset":0,"yoffset":-26.942,"xadvance":21.432,"chnl":15,"x":31,"y":80,"page":0},{"id":50,"width":29,"height":37,"xoffset":0,"yoffset":-26.942,"xadvance":21.432,"chnl":15,"x":62,"y":80,"page":0},{"id":53,"width":29,"height":37,"xoffset":0,"yoffset":-26.334,"xadvance":21.432,"chnl":15,"x":93,"y":80,"page":0},{"id":54,"width":29,"height":37,"xoffset":0,"yoffset":-26.448,"xadvance":21.432,"chnl":15,"x":31,"y":40,"page":0},{"id":49,"width":24,"height":36,"xoffset":0,"yoffset":-26.334,"xadvance":21.432,"chnl":15,"x":62,"y":40,"page":0},{"id":52,"width":30,"height":36,"xoffset":0,"yoffset":-26.334,"xadvance":21.432,"chnl":15,"x":88,"y":40,"page":0},{"id":55,"width":29,"height":36,"xoffset":0,"yoffset":-26.334,"xadvance":21.432,"chnl":15,"x":32,"y":0,"page":0},{"id":45,"width":20,"height":23,"xoffset":0,"yoffset":-13.033999999999999,"xadvance":11.362,"chnl":15,"x":63,"y":0,"page":0},{"id":46,"width":17,"height":15,"xoffset":0,"yoffset":-4.598,"xadvance":9.347999999999999,"chnl":15,"x":85,"y":0,"page":0}],"info":{"face":"Ubuntu Regular","size":38,"bold":0,"italic":0,"charset":["-",".","0","1","2","3","4","5","6","7","8","9"],"unicode":1,"stretchH":100,"smooth":1,"aa":1,"padding":[0,0,0,0],"spacing":[2,2]},"common":{"lineHeight":38.646,"base":35.416,"scaleW":128,"scaleH":128,"pages":1,"packed":0,"alphaChnl":0,"redChnl":0,"greenChnl":0,"blueChnl":0},"kernings":[]}